{
    "total_company_interferences": 37,
    "construction_sites_counted": {
        "40.7492,-73.9748": true,
        "40.7760766945459,-73.96435637022505": true,
        "40.79969899078543,-73.95691793478731": true,
        "40.811932594355525,-73.94658567324184": true,
        "40.831410383435106,-73.93504463121778": true,
        "40.84233480326051,-73.92432894891722": true,
        "40.84752442462408,-73.91580774038657": true,
        "40.8577041759582,-73.89310214703629": true,
        "40.85776073482627,-73.8762358917038": true
    },
    "units_wip_by_city": {
        "New York": 528,
        "Los Angeles": 0,
        "Chicago": 0,
        "Dallas": 0,
        "Houston": 0,
        "Washington DC": 0,
        "Miami": 0,
        "Philadelphia": 0,
        "Atlanta": 0,
        "Phoenix": 0,
        "Boston": 0,
        "San Francisco": 0,
        "Riverside": 0,
        "Detroit": 0,
        "Seattle": 0,
        "Minneapolis": 0,
        "San Diego": 0,
        "Tampa": 0,
        "Denver": 0,
        "St. Louis": 0,
        "Baltimore": 0,
        "Charlotte": 0,
        "Orlando": 0,
        "San Antonio": 0,
        "Portland": 0,
        "Sacramento": 0,
        "Pittsburgh": 0,
        "Las Vegas": 0,
        "Cincinnati": 0,
        "Austin": 0
    },
    "interferences_by_city": {
        "New York": {
            "40.7492,-73.9748": [
                "40.752655,-73.977295:22:0.27198960543870415",
                "40.76183903632391,-73.97511063268254:22:0.8722807485310708",
                "40.786446695874815,-73.96816383848173:22:2.5936031854814767"
            ],
            "40.7760766945459,-73.96435637022505": [
                "40.752655,-73.977295:70:1.7529372032479973",
                "40.76183903632391,-73.97511063268254:70:1.1329124394453995",
                "40.786446695874815,-73.96816383848173:70:0.742907919588307",
                "40.79544653114196,-73.96433809439162:70:1.3365796466866582",
                "40.80623687168317,-73.94203721249083:70:2.3877301019816617"
            ],
            "40.79969899078543,-73.95691793478731": [
                "40.76183903632391,-73.97511063268254:20:2.7812751833719256",
                "40.786446695874815,-73.96816383848173:20:1.0881356393978068",
                "40.79544653114196,-73.96433809439162:20:0.487345265321122",
                "40.80623687168317,-73.94203721249083:20:0.9012964240473074",
                "40.81129212967531,-73.92968014648174:20:1.6369327826060827",
                "40.81637354856829,-73.9142647317605:20:2.5149674276037497"
            ],
            "40.811932594355525,-73.94658567324184": [
                "40.786446695874815,-73.96816383848173:64:2.091175942257752",
                "40.79544653114196,-73.96433809439162:64:1.4698856074584248",
                "40.80623687168317,-73.94203721249083:64:0.4597153644654535",
                "40.81129212967531,-73.92968014648174:64:0.8874198530016641",
                "40.81637354856829,-73.9142647317605:64:1.721936569193707"
            ],
            "40.831410383435106,-73.93504463121778": [
                "40.79544653114196,-73.96433809439162:31:2.918391957530204",
                "40.80623687168317,-73.94203721249083:31:1.7753172503210624",
                "40.81129212967531,-73.92968014648174:31:1.4164259900010099",
                "40.81637354856829,-73.9142647317605:31:1.5043449070325412",
                "40.825484491924435,-73.88902061267855:31:2.4467368105475673"
            ],
            "40.84233480326051,-73.92432894891722": [
                "40.80623687168317,-73.94203721249083:94:2.6582181920279284",
                "40.81129212967531,-73.92968014648174:94:2.1603427092370384",
                "40.81637354856829,-73.9142647317605:94:1.8674717000938714",
                "40.825484491924435,-73.88902061267855:94:2.1854890369482782",
                "40.84970210505538,-73.87715169706011:94:2.52384916337318"
            ],
            "40.84752442462408,-73.91580774038657": [
                "40.81129212967531,-73.92968014648174:91:2.603744298593227",
                "40.81637354856829,-73.9142647317605:91:2.151045917876045",
                "40.825484491924435,-73.88902061267855:91:2.069729665399541",
                "40.84970210505538,-73.87715169706011:91:2.031089436288472"
            ],
            "40.8577041759582,-73.89310214703629": [
                "40.825484491924435,-73.88902061267855:76:2.233545394169215",
                "40.84970210505538,-73.87715169706011:76:1.0016588100550068"
            ],
            "40.85776073482627,-73.8762358917038": [
                "40.825484491924435,-73.88902061267855:60:2.325770436671505",
                "40.84970210505538,-73.87715169706011:60:0.5581435983508956"
            ]
        },
        "Los Angeles": {},
        "Chicago": {},
        "Dallas": {},
        "Houston": {},
        "Washington DC": {},
        "Miami": {},
        "Philadelphia": {},
        "Atlanta": {},
        "Phoenix": {},
        "Boston": {},
        "San Francisco": {},
        "Riverside": {},
        "Detroit": {},
        "Seattle": {},
        "Minneapolis": {},
        "San Diego": {},
        "Tampa": {},
        "Denver": {},
        "St. Louis": {},
        "Baltimore": {},
        "Charlotte": {},
        "Orlando": {},
        "San Antonio": {},
        "Portland": {},
        "Sacramento": {},
        "Pittsburgh": {},
        "Las Vegas": {},
        "Cincinnati": {},
        "Austin": {}
    },
    "all_distances": [
        0.27198960543870415,
        0.8722807485310708,
        2.5936031854814767,
        1.7529372032479973,
        1.1329124394453995,
        0.742907919588307,
        1.3365796466866582,
        2.3877301019816617,
        2.7812751833719256,
        1.0881356393978068,
        0.487345265321122,
        0.9012964240473074,
        1.6369327826060827,
        2.5149674276037497,
        2.091175942257752,
        1.4698856074584248,
        0.4597153644654535,
        0.8874198530016641,
        1.721936569193707,
        2.918391957530204,
        1.7753172503210624,
        1.4164259900010099,
        1.5043449070325412,
        2.4467368105475673,
        2.6582181920279284,
        2.1603427092370384,
        1.8674717000938714,
        2.1854890369482782,
        2.52384916337318,
        2.603744298593227,
        2.151045917876045,
        2.069729665399541,
        2.031089436288472,
        2.233545394169215,
        1.0016588100550068,
        2.325770436671505,
        0.5581435983508956
    ],
    "interference_count_by_city": {
        "New York": 37,
        "Los Angeles": 0,
        "Chicago": 0,
        "Dallas": 0,
        "Houston": 0,
        "Washington DC": 0,
        "Miami": 0,
        "Philadelphia": 0,
        "Atlanta": 0,
        "Phoenix": 0,
        "Boston": 0,
        "San Francisco": 0,
        "Riverside": 0,
        "Detroit": 0,
        "Seattle": 0,
        "Minneapolis": 0,
        "San Diego": 0,
        "Tampa": 0,
        "Denver": 0,
        "St. Louis": 0,
        "Baltimore": 0,
        "Charlotte": 0,
        "Orlando": 0,
        "San Antonio": 0,
        "Portland": 0,
        "Sacramento": 0,
        "Pittsburgh": 0,
        "Las Vegas": 0,
        "Cincinnati": 0,
        "Austin": 0
    },
    "total_units_wip": 528.0
}