{
    "total_company_interferences": 20,
    "construction_sites_counted": {
        "25.7784,-80.1903": true,
        "25.790730382924995,-80.18681742669844": true,
        "25.80309688976973,-80.18291654700992": true,
        "25.827252556496248,-80.1813909281955": true,
        "25.832304689905026,-80.17921441548715": true,
        "25.85837673814032,-80.15853637704197": true,
        "25.873737942208823,-80.14560450837442": true
    },
    "units_wip_by_city": {
        "New York": 0,
        "Los Angeles": 0,
        "Chicago": 0,
        "Dallas": 0,
        "Houston": 0,
        "Washington DC": 0,
        "Miami": 280,
        "Philadelphia": 0,
        "Atlanta": 0,
        "Phoenix": 0,
        "Boston": 0,
        "San Francisco": 0,
        "Riverside": 0,
        "Detroit": 0,
        "Seattle": 0,
        "Minneapolis": 0,
        "San Diego": 0,
        "Tampa": 0,
        "Denver": 0,
        "St. Louis": 0,
        "Baltimore": 0,
        "Charlotte": 0,
        "Orlando": 0,
        "San Antonio": 0,
        "Portland": 0,
        "Sacramento": 0,
        "Pittsburgh": 0,
        "Las Vegas": 0,
        "Cincinnati": 0,
        "Austin": 0
    },
    "interferences_by_city": {
        "New York": {},
        "Los Angeles": {},
        "Chicago": {},
        "Dallas": {},
        "Houston": {},
        "Washington DC": {},
        "Miami": {
            "25.7784,-80.1903": [
                "25.7721,-80.1867:49:0.4882895164587186",
                "25.797016533178,-80.17785680839076:49:1.4978976165088436"
            ],
            "25.790730382924995,-80.18681742669844": [
                "25.7721,-80.1867:29:1.2825064937055215",
                "25.797016533178,-80.17785680839076:29:0.7064546325317119"
            ],
            "25.80309688976973,-80.18291654700992": [
                "25.7721,-80.1867:45:2.1467662991563423",
                "25.797016533178,-80.17785680839076:45:0.5240307540676789",
                "25.832777308255693,-80.1648914271244:45:2.3314802265031433"
            ],
            "25.827252556496248,-80.1813909281955": [
                "25.797016533178,-80.17785680839076:42:2.0930242562430115",
                "25.832777308255693,-80.1648914271244:42:1.0960120971592264"
            ],
            "25.832304689905026,-80.17921441548715": [
                "25.797016533178,-80.17785680839076:17:2.4306634225368486",
                "25.832777308255693,-80.1648914271244:17:0.8928893108709549",
                "25.86697994376767,-80.16038149422084:17:2.6596914364696396"
            ],
            "25.85837673814032,-80.15853637704197": [
                "25.832777308255693,-80.1648914271244:50:1.806154970021245",
                "25.86697994376767,-80.16038149422084:50:0.6032838847476586",
                "25.87862291409869,-80.1464846020643:50:1.5829881369904224",
                "25.893540623424467,-80.13101536441988:50:2.9659696342807695"
            ],
            "25.873737942208823,-80.14560450837442": [
                "25.86697994376767,-80.16038149422084:48:1.031190219929833",
                "25.87862291409869,-80.1464846020643:48:0.3407151640690865",
                "25.893540623424467,-80.13101536441988:48:1.6381920210434593",
                "25.89800209412728,-80.12420354356854:48:2.1368056412741843"
            ]
        },
        "Philadelphia": {},
        "Atlanta": {},
        "Phoenix": {},
        "Boston": {},
        "San Francisco": {},
        "Riverside": {},
        "Detroit": {},
        "Seattle": {},
        "Minneapolis": {},
        "San Diego": {},
        "Tampa": {},
        "Denver": {},
        "St. Louis": {},
        "Baltimore": {},
        "Charlotte": {},
        "Orlando": {},
        "San Antonio": {},
        "Portland": {},
        "Sacramento": {},
        "Pittsburgh": {},
        "Las Vegas": {},
        "Cincinnati": {},
        "Austin": {}
    },
    "all_distances": [
        0.4882895164587186,
        1.4978976165088436,
        1.2825064937055215,
        0.7064546325317119,
        2.1467662991563423,
        0.5240307540676789,
        2.3314802265031433,
        2.0930242562430115,
        1.0960120971592264,
        2.4306634225368486,
        0.8928893108709549,
        2.6596914364696396,
        1.806154970021245,
        0.6032838847476586,
        1.5829881369904224,
        2.9659696342807695,
        1.031190219929833,
        0.3407151640690865,
        1.6381920210434593,
        2.1368056412741843
    ],
    "interference_count_by_city": {
        "New York": 0,
        "Los Angeles": 0,
        "Chicago": 0,
        "Dallas": 0,
        "Houston": 0,
        "Washington DC": 0,
        "Miami": 20,
        "Philadelphia": 0,
        "Atlanta": 0,
        "Phoenix": 0,
        "Boston": 0,
        "San Francisco": 0,
        "Riverside": 0,
        "Detroit": 0,
        "Seattle": 0,
        "Minneapolis": 0,
        "San Diego": 0,
        "Tampa": 0,
        "Denver": 0,
        "St. Louis": 0,
        "Baltimore": 0,
        "Charlotte": 0,
        "Orlando": 0,
        "San Antonio": 0,
        "Portland": 0,
        "Sacramento": 0,
        "Pittsburgh": 0,
        "Las Vegas": 0,
        "Cincinnati": 0,
        "Austin": 0
    },
    "total_units_wip": 280.0
}